{
  "non_layer": {
    "other": [
      244.03700256347656,
      0.0,
      0.005798018537461758,
      181.36346435546875
    ]
  },
  "0": {
    "layernorm": [
      0.01657281443476677,
      0.2966034710407257
    ],
    "attention": [
      0.11267347633838654,
      0.7252827882766724,
      24.832435607910156,
      0.434121698141098,
      12.089655876159668,
      0.1601683497428894
    ],
    "mlp": [
      28.538108825683594,
      0.658860981464386,
      22.199810028076172,
      0.1601683497428894
    ]
  },
  "1": {
    "layernorm": [
      0.0,
      0.23833198845386505
    ],
    "attention": [
      0.0,
      0.3194923996925354,
      22.447282791137695,
      0.36139458417892456,
      11.34969425201416,
      0.1852807253599167
    ],
    "mlp": [
      24.873825073242188,
      0.39748531579971313,
      22.134056091308594,
      0.1852807253599167
    ]
  },
  "2": {
    "layernorm": [
      0.0,
      0.26900261640548706
    ],
    "attention": [
      0.005524271633476019,
      0.3966025710105896,
      27.074193954467773,
      0.38011014461517334,
      11.103257179260254,
      0.14523518085479736
    ],
    "mlp": [
      31.92756462097168,
      0.5798214673995972,
      26.460115432739258,
      0.14523518085479736
    ]
  },
  "3": {
    "layernorm": [
      0.0,
      0.115687794983387
    ],
    "attention": [
      0.0,
      0.35339823365211487,
      22.901811599731445,
      0.3950720727443695,
      8.514540672302246,
      0.1263912469148636
    ],
    "mlp": [
      30.51280403137207,
      0.40463677048683167,
      29.995908737182617,
      0.1263912469148636
    ]
  },
  "4": {
    "layernorm": [
      0.0,
      0.15934714674949646
    ],
    "attention": [
      0.0,
      0.24254880845546722,
      35.99687194824219,
      0.8993581533432007,
      6.781686782836914,
      0.11247625946998596
    ],
    "mlp": [
      25.6517333984375,
      0.3661554455757141,
      24.755752563476562,
      0.11247625946998596
    ]
  },
  "5": {
    "layernorm": [
      0.0,
      0.10256755352020264
    ],
    "attention": [
      0.0,
      0.13896222412586212,
      30.471698760986328,
      0.7443170547485352,
      6.738445281982422,
      0.11201465129852295
    ],
    "mlp": [
      22.20004653930664,
      0.3666996955871582,
      26.605045318603516,
      0.11201465129852295
    ]
  }
}